Venttiili,Aukeama(%),Aukioloaika(s),Kiinnioloaika(s),Kokonaisaika(s)
1,100.0,0.453,1.937,5.0
2,100.0,0.463,1.798,5.0
3,100.0,0.474,1.969,5.0
4,100.0,0.451,1.566,5.0
5,100.0,0.473,1.973,5.0
6,100.0,0.482,1.837,5.0
7,100.0,0.455,1.787,5.0
8,100.0,0.451,1.897,5.0
9,100.0,0.478,1.536,5.0
10,100.0,0.494,1.932,5.0
11,100.0,0.459,2.291,5.0
12,100.0,0.462,1.964,5.0
13,100.0,0.457,1.816,5.0
14,100.0,0.474,2.444,5.0
15,100.0,0.47,2.204,5.0
16,100.0,0.491,2.215,5.0
17,100.0,0.482,1.895,5.0
18,100.0,0.475,1.823,5.0
19,100.0,0.465,2.231,5.0
20,100.0,0.456,1.868,5.0
21,100.0,0.459,1.783,5.0
22,100.0,0.498,2.45,5.0
23,100.0,0.463,1.91,5.0
24,100.0,0.476,1.817,5.0
25,100.0,0.47,1.681,5.0
26,100.0,0.474,2.275,5.0
27,100.0,0.468,1.992,5.0
28,100.0,0.469,1.81,5.0
29,100.0,0.464,1.695,5.0
30,100.0,0.463,1.622,5.0
31,100.0,0.457,1.77,5.0
32,100.0,0.457,1.933,5.0
33,100.0,0.454,2.344,5.0
34,100.0,0.482,1.812,5.0
35,100.0,0.468,2.347,5.0
36,100.0,0.489,1.945,5.0
37,100.0,0.485,2.056,5.0
38,100.0,0.478,1.622,5.0
39,100.0,0.465,2.318,5.0
40,100.0,0.498,2.411,5.0
41,100.0,0.491,2.35,5.0
42,100.0,0.472,1.931,5.0
43,100.0,0.458,2.204,5.0
44,100.0,0.483,2.062,5.0
45,100.0,0.491,2.149,5.0
46,100.0,0.455,1.525,5.0
47,100.0,0.492,2.055,5.0
48,100.0,0.463,2.199,5.0
49,100.0,0.469,2.117,5.0
